[
    {
        "name":"Internet",
        "adress":"1.1.1.1"
    },
    {
        "name":"SAE",
        "adress":"192.168.25.1"
    },
    {
        "name":"Switch Wi-fi",
        "adress":"192.168.25.254"
    },
    {
        "name":"Borne Wi-fi",
        "adress":"172.18.2.254"
    },
    {
        "name":"SME",
        "adress":"192.168.25.2"
    },
    {
        "name":"Pégase",
        "adress":"172.18.1.3"
    },
    {
        "name":"Concentrateur",
        "adress":"172.18.1.15"
    },
    {
        "name":"Valideur 1",
        "adress":"192.168.0.1"
    },
    {
        "name":"Valideur 2",
        "adress":"192.168.0.3"
    },
    {
        "name":"Cible",
        "adress":"192.168.0.2"
    },
    {
        "name":"Xebra",
        "adress":"192.168.25.4"
    },
    {
        "name":"Caméra 1",
        "adress":"192.168.25.31"
    },
    {
        "name":"Caméra 2",
        "adress":"192.168.25.32"
    },
    {
        "name":"Caméra 3",
        "adress":"192.168.25.33"
    },
    {
        "name":"Caméra 4",
        "adress":"192.168.25.34"
    },
    {
        "name":"Caméra 5",
        "adress":"192.168.25.35"
    },

]
